瘤痢,瘤痢疙,老矫,乞闭扁柯(∑C),老碍荐樊(mm),乞闭 浅加(m/s),乞闭 惑措嚼档(%),钦拌 老荤樊(MJ/m2),乞闭 傈款樊(1/10),乞闭 瘤搁柯档(∑C)
156,堡林,2021-01-01,-.6,0,.9,83.1,9,7.3,2.7
156,堡林,2021-01-02,-.3,.5,1.7,67.8,12.54,3.8,2.1
156,堡林,2021-01-03,-.6,,2.1,54.6,10.37,7.3,.5
156,堡林,2021-01-04,1.2,,.7,71.8,10.07,3.1,1.9
156,堡林,2021-01-05,-.2,0,1.9,64.9,7.74,8,1.5
156,堡林,2021-01-06,-2.4,1.2,1.7,65.9,10.95,7.5,.8
156,堡林,2021-01-07,-8.4,2,2.3,69.1,5.16,8.6,.8
156,堡林,2021-01-08,-9.9,,2.5,55.8,12.15,2.8,.6
156,堡林,2021-01-09,-7.6,0,1.9,52.6,13.02,1.9,.1
156,堡林,2021-01-10,-5.1,0,.8,74.3,9.5,4.4,-.1
156,堡林,2021-01-11,-2.1,,.7,78.6,5.82,8.1,0
156,堡林,2021-01-12,-.5,0,.8,80.4,10.78,5.5,.1
156,堡林,2021-01-13,4.3,,1.2,77.5,11.74,3.4,.6
156,堡林,2021-01-14,6.6,,.8,76.8,12.16,.1,4.3
156,堡林,2021-01-15,7.9,,1.7,83.9,7.46,8,5.9
156,堡林,2021-01-16,.3,,2.5,60.9,7.43,8.3,2.4
156,堡林,2021-01-17,-1.5,0,1.9,60.4,13.86,4.6,1.8
156,堡林,2021-01-18,.6,4,1.7,77.1,5.69,8,.5
156,堡林,2021-01-19,-1.3,,1.7,46,14.39,0,1.6
156,堡林,2021-01-20,3.2,,.7,51.1,13.68,2.6,2.3
156,堡林,2021-01-21,7.6,6.8,.8,81.4,5.47,8.3,5.1
156,堡林,2021-01-22,9.4,2.9,.4,97.9,4.14,9.9,8.6
156,堡林,2021-01-23,9.3,4,2.2,96.8,3.29,10,8.3
156,堡林,2021-01-24,8.8,,1.6,70.5,12.93,3.6,7.5
156,堡林,2021-01-25,8.8,,.9,66.8,13.75,5.1,7.4
156,堡林,2021-01-26,6.5,8.7,1.6,90.6,3.79,9.8,7.2
156,堡林,2021-01-27,5.1,,2.4,41.8,14.25,4.9,5.2
156,堡林,2021-01-28,.7,1,1.6,71.8,6.84,7.9,2.7
156,堡林,2021-01-29,-3.2,0,1.6,63.8,15.34,2.5,3.4
156,堡林,2021-01-30,1.8,.1,.8,74,9.81,4.6,2.8
156,堡林,2021-01-31,6.2,1.8,1.4,77.6,11.52,6,4.8
156,堡林,2021-02-01,8.3,11.6,1.7,90.6,4.36,9.1,8
156,堡林,2021-02-02,-1,,2.3,45.6,16.45,.6,2.7
156,堡林,2021-02-03,.3,0,1.5,50.3,16.03,2,3.3
156,堡林,2021-02-04,1.6,1.1,1.3,49.1,16.67,1.3,4.1
156,堡林,2021-02-05,2.8,,1,41,11.02,6.1,3
156,堡林,2021-02-06,5.7,,.9,71.4,6.55,6.9,4.2
156,堡林,2021-02-07,7.4,,1.1,65.8,14.14,4,7.2
156,堡林,2021-02-08,.3,,1.9,44.8,17.29,0,3.3
156,堡林,2021-02-09,1.7,,1.4,40.1,17.32,0,3.4
156,堡林,2021-02-10,4,,.8,58.1,15.93,2,4.4
156,堡林,2021-02-11,6.4,,1,63.6,10.21,8.5,5
156,堡林,2021-02-12,9.3,,.7,47,15.04,6.1,7.7
156,堡林,2021-02-13,10.6,,.7,41,16.83,.8,7.4
156,堡林,2021-02-14,10.9,0,.6,55.1,7.98,9.1,9.3
156,堡林,2021-02-15,3.9,.6,1.8,65.9,7.26,8.9,6.7
156,堡林,2021-02-16,.4,.9,2.2,60.5,13.96,4.5,3.6
156,堡林,2021-02-17,-4.5,1.5,1.6,83.4,6.82,9.6,1.7
156,堡林,2021-02-18,-2.2,.2,1.7,69.1,9.52,8.6,2.5
156,堡林,2021-02-19,3.8,,1.4,65.4,18.39,1.1,5.1
156,堡林,2021-02-20,10.6,,1.9,74.8,16.01,0,7.8
156,堡林,2021-02-21,13,,2.1,65,17.9,0,10
156,堡林,2021-02-22,10.5,,1.3,62.1,16.61,0,9.9
156,堡林,2021-02-23,3.6,,1.6,38.5,16.24,2.8,5.4
156,堡林,2021-02-24,3.9,,.5,42,5.49,7,4.2
156,堡林,2021-02-25,4.7,14.8,2.3,86.1,2.83,9.6,4.4
156,堡林,2021-02-26,9.7,0,3.4,59.1,15.45,8.3,8.5
156,堡林,2021-02-27,9.4,,2.7,46,17.92,6.3,8.8
156,堡林,2021-02-28,8.9,.4,1.3,70.9,6.06,9.8,8.3
156,堡林,2021-03-01,11.5,39.7,2.7,95.9,3.51,9.4,11.1
156,堡林,2021-03-02,4.7,,1.7,74.8,15.61,5.1,8
156,堡林,2021-03-03,6.2,,1,64.9,18.39,4.5,7.3
156,堡林,2021-03-04,6.9,8.9,1.8,85.8,5.31,9.5,7.6
156,堡林,2021-03-05,10.7,,1.1,71.5,19.82,3.8,10.9
156,堡林,2021-03-06,10.4,,1.5,67.6,14.83,7,11.1
156,堡林,2021-03-07,8.7,,1.1,69.9,12.78,7.6,11
156,堡林,2021-03-08,8.6,,1.5,66.1,19.79,4.6,11.5
156,堡林,2021-03-09,8.6,,1.1,48.6,18.48,5.5,11.6
156,堡林,2021-03-10,10.6,,1.5,45.1,20.71,0,11.2
156,堡林,2021-03-11,11.8,1.6,.9,58.5,17.85,7.9,13.4
156,堡林,2021-03-12,9.2,16.2,2.5,93.9,6.05,8,10.6
156,堡林,2021-03-13,9.6,,1,74.8,20.62,.6,11.3
156,堡林,2021-03-14,9.8,,1.1,67.5,20.73,.4,11.2
156,堡林,2021-03-15,12.3,2.4,1.5,69.3,17.43,5.8,13
156,堡林,2021-03-16,11.3,3.5,1.1,64.8,21.36,3.8,14.1
156,堡林,2021-03-17,9.7,,1.2,53.6,21.09,1.8,10.8
156,堡林,2021-03-18,11.7,,1.1,62.4,21.93,2.1,13.2
156,堡林,2021-03-19,13.9,,1.2,60.3,18.9,7.4,15.8
156,堡林,2021-03-20,9.7,11.1,1.5,94.6,3.75,10,11.9
156,堡林,2021-03-21,6.8,,2.2,63,17.19,8.8,10.3
156,堡林,2021-03-22,7.5,,1.9,47.8,23.98,1.3,10.1
156,堡林,2021-03-23,10.1,,2,61.4,22.66,0,12.5
156,堡林,2021-03-24,11.8,,1.3,56.3,15.14,5.4,12
156,堡林,2021-03-25,13.3,,.9,59.9,23.73,.3,16
156,堡林,2021-03-26,14.8,,1.5,46.9,21.84,3.6,16
156,堡林,2021-03-27,14.7,38.5,2.3,83.6,4.23,9.4,13
156,堡林,2021-03-28,12.4,.5,2.7,85.6,13.85,6.8,15.7
156,堡林,2021-03-29,13.1,,1.5,53,18.87,5.1,14.8
156,堡林,2021-03-30,14,,1.6,33,22.3,2.8,14.9
156,堡林,2021-03-31,15.3,,.9,43.6,21.86,5.4,16.8
156,堡林,2021-04-01,16.7,,2.5,36.6,15.06,8.1,17.3
156,堡林,2021-04-02,18.7,0,1.7,44.3,13.43,8,19.2
156,堡林,2021-04-03,16.8,11.6,2.5,87.8,3.49,10,16.3
156,堡林,2021-04-04,11,3.3,1,97.9,3.6,9.6,13.5
156,堡林,2021-04-05,12.4,,1.1,56.3,26.75,0,14.9
156,堡林,2021-04-06,12.4,,.8,52.4,22.13,2.8,14.4
156,堡林,2021-04-07,14.1,,.9,44,26.05,1,17.3
156,堡林,2021-04-08,12.9,,1.1,40.9,26.36,2.5,17.8
156,堡林,2021-04-09,13.3,,1.2,41,24.85,2.6,18.3
156,堡林,2021-04-10,13.6,,1,54.9,23.83,2.1,18
156,堡林,2021-04-11,15.6,,1.4,38.9,26,2.4,20.3
156,堡林,2021-04-12,13.9,16.9,1.9,78.3,4.33,10,14.2
156,堡林,2021-04-13,10,.3,1.9,76.4,17.96,6.1,15
156,堡林,2021-04-14,9.4,,2,41.3,27.8,2,13.2
156,堡林,2021-04-15,11.8,,1.6,36.6,24.84,3.4,14.2
156,堡林,2021-04-16,13.1,0,.8,67.5,10.87,9,13.6
156,堡林,2021-04-17,11.3,,1.7,55.6,25.17,2.8,17.3
156,堡林,2021-04-18,11,,1.6,49.4,27.94,.9,17.1
156,堡林,2021-04-19,12.8,,.8,53.4,28.14,.4,18.3
156,堡林,2021-04-20,15.9,,.9,48.9,27,1.9,20.4
156,堡林,2021-04-21,19.2,,1.1,37.9,19.37,8.1,20.6
156,堡林,2021-04-22,19.7,,1,36.5,10.47,9.5,19.5
156,堡林,2021-04-23,21.3,,2.2,28.4,21.81,7.6,22.9
156,堡林,2021-04-24,19.1,,1.2,33.5,26.14,5.5,23.9
156,堡林,2021-04-25,17.8,,1.3,51.1,22.24,3.1,23.4
156,堡林,2021-04-26,16.5,,1.3,50.6,26.52,4.8,23.8
156,堡林,2021-04-27,16.6,0,1.4,53.8,15.23,8.6,21.6
156,堡林,2021-04-28,17.9,,1.2,53.8,21.43,8.3,23.8
156,堡林,2021-04-29,17.4,1.8,2,47.5,26.41,6.1,25
156,堡林,2021-04-30,14.7,.3,2.3,59.8,27.07,6.1,21.8
156,堡林,2021-05-01,10.6,12.8,1,78.8,11.22,7.6,14.3
156,堡林,2021-05-02,12.3,,.8,69.5,20.18,3.9,15.2
156,堡林,2021-05-03,15.6,,1.3,61.9,28.3,2.9,20.3
156,堡林,2021-05-04,17.4,13.6,2.4,87.1,7.68,9.8,18.1
156,堡林,2021-05-05,15,0,1.1,57.1,29.19,2.9,19
156,堡林,2021-05-06,16,,1.3,43.6,22.42,6.1,18.1
156,堡林,2021-05-07,16.3,,1.9,49.9,14.29,4.8,16.8
156,堡林,2021-05-08,16.2,,2.1,58.9,27,3.3,21.2
156,堡林,2021-05-09,17.5,,1,43.8,29.04,1.6,23.1
156,堡林,2021-05-10,18.3,0,1.6,39.8,11.37,9.5,20.3
156,堡林,2021-05-11,19.4,,1.6,55.8,13.85,9.3,22.3
156,堡林,2021-05-12,22.2,,1.9,48.5,23.31,4.9,24.8
156,堡林,2021-05-13,22.5,,1.2,62.8,27.09,2.8,28
156,堡林,2021-05-14,23,0,1.5,66.8,20.85,8.5,27
156,堡林,2021-05-15,21.6,30.2,1.3,96.1,6.27,10,22.2
156,堡林,2021-05-16,20.8,59.6,2.3,99,5.31,10,22.4
156,堡林,2021-05-17,15.9,1.4,1.3,98.1,6.29,8.4,18.8
156,堡林,2021-05-18,18.1,,.8,82.1,20.51,7.5,21.2
156,堡林,2021-05-19,21.2,,1,63.3,26.71,6.4,23.6
156,堡林,2021-05-20,16.5,11.2,1.5,93.4,5.17,9.9,18.5
156,堡林,2021-05-21,16.4,.2,2.1,82.1,19.07,6.5,19.3
156,堡林,2021-05-22,19.3,,.9,67.3,29.55,1.5,22.8
156,堡林,2021-05-23,22,0,.9,66.4,25.99,5.9,25.6
156,堡林,2021-05-24,19.9,.4,1.1,68.9,25.07,5,24.2
156,堡林,2021-05-25,17.6,0,1.5,62.1,24.88,5.4,22.5
156,堡林,2021-05-26,18.3,,2,59.8,15.72,10,21.1
156,堡林,2021-05-27,16.8,0,1.2,84.9,14.99,5.9,21.5
156,堡林,2021-05-28,17.9,10,2,80.6,19.25,4.1,21.4
156,堡林,2021-05-29,19.4,,1,68.8,29.2,1.1,24.6
156,堡林,2021-05-30,22.1,0,1.5,49.1,29.57,2.4,30.7
156,堡林,2021-05-31,23.7,,1.2,43,28.51,3,32.9
156,堡林,2021-06-01,23.5,,.9,51.3,27.42,4,29.2
156,堡林,2021-06-02,23.4,,1.4,61,21.53,6.6,28.1
156,堡林,2021-06-03,19.8,22.7,.9,92.6,5.13,9.5,20.2
156,堡林,2021-06-04,20,1.4,1,67.1,29.77,4.6,26.5
156,堡林,2021-06-05,20.9,,2.1,81.1,22.66,2.9,24.8
156,堡林,2021-06-06,22.8,0,2,61.6,25.15,1.6,27.2
156,堡林,2021-06-07,24.1,,.9,56.3,25.55,4.1,28.3
156,堡林,2021-06-08,25.5,,1,57.5,28.42,3.8,32.1
156,堡林,2021-06-09,26,,1.2,61.5,28.61,3.3,32.2
156,堡林,2021-06-10,23.6,9.7,2,70.8,11.99,9.3,25.5
156,堡林,2021-06-11,24.3,27.4,1.1,84.4,23.36,7,28.9
156,堡林,2021-06-12,25.1,,1.1,83.4,21.84,7.4,30.8
156,堡林,2021-06-13,23.9,,1.2,83.8,25.61,6,30.6
156,堡林,2021-06-14,23.4,,1.5,82.3,20.03,7.5,28.3
156,堡林,2021-06-15,20.9,21.2,2.3,93.8,5.95,9.6,22.3
156,堡林,2021-06-16,23.4,,2.9,76.9,24.6,7.1,29.4
156,堡林,2021-06-17,22.4,.9,.6,82.9,10.65,8.6,24.8
156,堡林,2021-06-18,21.3,4.1,.7,97.4,,9.6,23.3
156,堡林,2021-06-19,23.1,,.6,80,24.58,4.6,28.5
156,堡林,2021-06-20,24,,1.4,64.8,27.47,5.8,28.1
156,堡林,2021-06-21,25.1,,1.1,55.4,30.89,1.9,31
156,堡林,2021-06-22,24.3,,1.5,70,25.03,3.6,29.1
156,堡林,2021-06-23,23,.2,2,81.1,15.77,6.8,26.2
156,堡林,2021-06-24,23,0,1.1,79.6,16.34,7.1,29.5
156,堡林,2021-06-25,23.4,6.4,.9,81.1,18.37,6.8,26
156,堡林,2021-06-26,23.9,.3,1.2,79.3,17.02,8.1,27.4
156,堡林,2021-06-27,24.7,.9,.9,76.4,19.62,5.1,29.2
156,堡林,2021-06-28,22.8,18.8,.8,91.3,15.34,5.4,24.9
156,堡林,2021-06-29,23.2,1.1,.8,88.3,18.5,6.9,27
156,堡林,2021-06-30,23.9,3,.9,84.6,16.01,7,26.5
156,堡林,2021-07-01,25.7,,1,77.6,23.86,4.8,28.2
156,堡林,2021-07-02,26.1,0,1,81.8,17.21,7.1,28.6
156,堡林,2021-07-03,23.7,27,1.6,93.9,5.56,9,24.8
156,堡林,2021-07-04,23.1,1.6,3,96.6,8.93,9.6,25
156,堡林,2021-07-05,21.9,29.1,1.1,98.6,5.21,10,23.6
156,堡林,2021-07-06,23.1,119.5,.9,99,3.27,10,23.6
156,堡林,2021-07-07,25.2,17.9,1.7,99,7,10,26
156,堡林,2021-07-08,25.6,.9,1.3,96.9,11.66,9.5,27.5
156,堡林,2021-07-09,25.8,4.2,1.4,94.4,17.77,7.5,28.3
156,堡林,2021-07-10,26.4,,2.2,90.9,19.24,5.6,28.9
156,堡林,2021-07-11,27.2,0,1.6,90.5,17.66,6.1,31.1
156,堡林,2021-07-12,28.1,,1.8,87.5,21.16,6.5,32.5
156,堡林,2021-07-13,28.4,,2.6,81.5,22.3,5.6,33.6
156,堡林,2021-07-14,28.2,,2.3,84.8,16.15,7.9,33.8
156,堡林,2021-07-15,28.7,,1.6,78.4,26.02,6,36.1
156,堡林,2021-07-16,25.9,1.4,1.2,92.5,18,5.4,30.1
156,堡林,2021-07-17,26.2,.2,1.5,82.1,23.31,5.6,29.8
156,堡林,2021-07-18,27.3,,1.3,77.8,22.12,5.9,36.3
156,堡林,2021-07-19,27.8,,1.2,78.4,20.79,6,35.7
156,堡林,2021-07-20,27.7,0,.9,81.5,17.52,7.5,32.3
156,堡林,2021-07-21,29,,1.3,74.6,26.22,3.8,36.8
156,堡林,2021-07-22,28.7,,1.8,70.5,23.56,4.8,35
156,堡林,2021-07-23,28.7,,1.3,70.9,22.38,6.8,33.4
156,堡林,2021-07-24,29.1,,1.4,68.3,22.86,7.9,35.9
156,堡林,2021-07-25,29,,1.8,61.5,22.94,6.6,35.9
156,堡林,2021-07-26,28.3,,1.6,67.3,20.25,5.1,34.4
156,堡林,2021-07-27,28.3,,1.4,67.9,19.96,1.8,32.8
156,堡林,2021-07-28,28.9,,1.4,71.9,19.15,4.4,34.3
156,堡林,2021-07-29,29,,1.6,72.9,20.75,4.9,39.2
156,堡林,2021-07-30,28.1,.4,1.7,77.5,20.07,6.3,32.6
156,堡林,2021-07-31,29.1,25.4,.9,80.1,23.36,6.3,33.3
156,堡林,2021-08-01,28.2,1,1.3,86.3,16.19,8.6,31.3
156,堡林,2021-08-02,26.9,45.3,.8,96.1,12.71,9.3,30.7
156,堡林,2021-08-03,27,9.9,1.2,90.5,17.07,7,29.9
156,堡林,2021-08-04,28.6,0,1,79.5,23.1,3.4,30.9
156,堡林,2021-08-05,28.8,,.7,79.3,18.02,4.1,30.9
156,堡林,2021-08-06,26.6,59.4,1.5,85,24.15,3.8,30.1
156,堡林,2021-08-07,27.8,,1,79.1,25.37,4.8,30
156,堡林,2021-08-08,26,5,.8,91,10.24,7.6,28.6
156,堡林,2021-08-09,27.2,,1,81.3,25.99,5,30.9
156,堡林,2021-08-10,27.6,,1.4,80.6,20.12,7,31.5
156,堡林,2021-08-11,26.5,0,1.7,83.1,17.82,5.3,27.8
156,堡林,2021-08-12,26.3,.6,1,84.8,14.3,7.1,28.8
156,堡林,2021-08-13,25.6,4,1.4,90,11.44,9.3,27.8
156,堡林,2021-08-14,24.3,12.8,1.3,88.9,15.5,7.9,26.9
156,堡林,2021-08-15,24.7,13.7,.8,87.5,16.53,7.3,28.6
156,堡林,2021-08-16,25.7,,1.4,79.5,,4.6,27.6
156,堡林,2021-08-17,25.5,17.2,1.6,73.9,24.47,7,28.5
156,堡林,2021-08-18,22.7,22.7,.9,93.4,13.72,6.9,25.5
156,堡林,2021-08-19,22.7,19.2,.7,90.6,15.44,6.4,26.4
156,堡林,2021-08-20,24.8,,1.4,84,21.48,3.1,26
156,堡林,2021-08-21,24.5,19.9,2.3,98,3.8,9,24.8
156,堡林,2021-08-22,25.8,,1.2,89.5,18.26,7.9,29.5
156,堡林,2021-08-23,24.1,30.6,1.2,98.8,0,9.9,25.4
156,堡林,2021-08-24,25.2,29.6,2.6,98.8,0,9.4,26
156,堡林,2021-08-25,25.2,10.7,1.4,97.9,8.42,9.8,27
156,堡林,2021-08-26,26.3,,1.1,82.4,21.14,5.9,28.4
156,堡林,2021-08-27,23.5,10.6,1.8,98.9,7.63,8.3,26
156,堡林,2021-08-28,25.1,0,1,84.3,19.74,6.1,27
156,堡林,2021-08-29,25.5,24.6,1.4,97.8,9.2,9.5,27.5
156,堡林,2021-08-30,25.5,1.9,.6,91,16.25,7.9,27
156,堡林,2021-08-31,26.5,,1.5,89.5,18.43,7,30.1
156,堡林,2021-09-01,24.5,45.7,1.8,97.4,5.5,9.4,25.2
156,堡林,2021-09-02,21.6,3.4,.9,98.4,5.69,9.5,23.9
156,堡林,2021-09-03,22.4,1.3,1.5,94.1,14.17,8.8,24.8
156,堡林,2021-09-04,23.4,0,1,88.6,13.17,8.8,25.5
156,堡林,2021-09-05,21.6,1.1,1.4,91.1,5.99,10,23.3
156,堡林,2021-09-06,21.2,2.1,1.7,93.3,6.07,9.9,22.7
156,堡林,2021-09-07,22.4,2.4,1.4,94.4,6.73,9.3,23.7
156,堡林,2021-09-08,22.7,0,.9,84.4,19.76,5.9,25.4
156,堡林,2021-09-09,23.1,,.7,84.5,16.68,7.8,25.7
156,堡林,2021-09-10,23.1,0,.6,93,7.33,8.5,24.3
156,堡林,2021-09-11,24.9,,.6,83.9,20.67,2.9,27.5
156,堡林,2021-09-12,24.8,,1.1,83.3,18.2,7,27.8
156,堡林,2021-09-13,24.2,,1.8,69.8,15.62,8.8,26.5
156,堡林,2021-09-14,22.5,2.5,3.2,85.1,7.06,9.3,23.7
156,堡林,2021-09-15,24.1,,3.2,64.1,22.98,5,28
156,堡林,2021-09-16,21.3,2,2.5,82.5,9.8,7.8,22.7
156,堡林,2021-09-17,23.2,3.2,3,86.5,15.23,7.6,25.6
156,堡林,2021-09-18,23.3,,1,81.8,13.75,7.1,24.7
156,堡林,2021-09-19,23.5,,1.2,77.1,17.94,4,24.8
156,堡林,2021-09-20,23.9,,2,78.6,21.96,4.6,27.3
156,堡林,2021-09-21,22.5,32,2.4,92.9,11.06,6.4,24.2
156,堡林,2021-09-22,23.2,1.9,1.4,84.8,18.2,3.3,25.9
156,堡林,2021-09-23,21.5,,1.1,72.6,21.43,2.9,23.5
156,堡林,2021-09-24,20.9,,.8,76.6,19.35,3.6,23.8
156,堡林,2021-09-25,21.9,,1.6,79.8,15.58,6.5,23.3
156,堡林,2021-09-26,22.2,0,1.3,78,13.07,8.4,24.6
156,堡林,2021-09-27,23,0,1.4,73.8,12.17,8.4,24.8
156,堡林,2021-09-28,22.7,.3,1.1,83.8,10.69,9.1,25.5
156,堡林,2021-09-29,22.7,31.2,1.1,97.8,3.32,9.8,24.4
156,堡林,2021-09-30,23.5,2,,67.9,,1.5,
156,堡林,2021-10-01,22,,,88,11.15,2.5,24.4
156,堡林,2021-10-02,22.8,,.7,84.1,13.76,1.1,23.9
156,堡林,2021-10-03,23.7,,1.7,77.8,20.29,2.5,24.6
156,堡林,2021-10-04,25.5,,2.5,83,17.12,5.1,26.8
156,堡林,2021-10-05,24.4,,.9,84.1,18.9,2.3,26.4
156,堡林,2021-10-06,23.9,,1,81.5,20.81,2.6,25.4
156,堡林,2021-10-07,22.2,,.9,91.8,10.76,3.9,22.6
156,堡林,2021-10-08,22.3,0,1.2,93.3,10.27,8.5,24.2
156,堡林,2021-10-09,24.7,,1.1,80.4,16.77,5.5,25.9
156,堡林,2021-10-10,24.1,2.1,1.2,90.6,12.74,6.8,25.7
156,堡林,2021-10-11,15.9,9.9,1.9,98.8,4.91,10,20.3
156,堡林,2021-10-12,17.4,5.9,1.6,98.9,3.81,10,19.9
156,堡林,2021-10-13,20.1,,1.3,90.6,10.16,8.4,21.7
156,堡林,2021-10-14,21.8,,1,85.4,14.09,5.1,22.3
156,堡林,2021-10-15,19.4,12.3,1.4,88,10.14,8.4,21.4
156,堡林,2021-10-16,13.6,4.3,2.6,70.8,6.75,9.5,17.2
156,堡林,2021-10-17,8.2,,2.7,43,20.19,1.3,12.4
156,堡林,2021-10-18,11.4,,1.3,53.1,19.2,3,13.3
156,堡林,2021-10-19,11.9,.8,.9,77.8,11.65,6,13.7
156,堡林,2021-10-20,10.5,,1.3,64,13.02,7.3,12.2
156,堡林,2021-10-21,11.3,,.8,71.3,17.83,4.5,13.4
156,堡林,2021-10-22,11.6,,1.4,61.1,17.73,.1,12.6
156,堡林,2021-10-23,12.6,,.7,59.4,18.25,0,13.5
156,堡林,2021-10-24,13,,.6,62.5,15.96,5,13.7
156,堡林,2021-10-25,13.1,,.8,70.8,17.03,1.3,14.3
156,堡林,2021-10-26,13.6,,.7,69.1,16.37,3.6,14.2
156,堡林,2021-10-27,14.1,,.8,71.6,15.61,1.4,15.3
156,堡林,2021-10-28,13.8,,.7,61.8,17.39,.8,13.9
156,堡林,2021-10-29,15.1,,.9,66.4,14.71,4,14.7
156,堡林,2021-10-30,13.9,,.6,75.9,6.63,5.6,14.2
156,堡林,2021-10-31,14.7,,.5,75.6,15.7,1.6,14.8
156,堡林,2021-11-01,14.5,,.6,80,13.22,3.4,15.3
156,堡林,2021-11-02,12.1,,.8,79,12.29,3.5,13.3
156,堡林,2021-11-03,12.2,,.7,72.4,14.77,4.1,12.9
156,堡林,2021-11-04,13.9,.4,.5,78.5,14.78,2.3,14.1
156,堡林,2021-11-05,13.7,,.7,72.9,10.83,5.1,12.9
156,堡林,2021-11-06,15.7,,1.7,58.5,14.78,1.6,14.5
156,堡林,2021-11-07,16.6,,1.7,61.4,14.6,3.8,14.9
156,堡林,2021-11-08,11.6,21.2,2.3,82.1,4.73,9.1,12.9
156,堡林,2021-11-09,8.4,.5,2.5,79.1,5.36,9.4,10.1
156,堡林,2021-11-10,7.8,20.6,1.8,94.4,4.73,10,8.9
156,堡林,2021-11-11,8.1,7.3,.8,94.9,5.4,8.5,9.7
156,堡林,2021-11-12,7,2.2,.9,90.4,9.13,5.8,8.4
156,堡林,2021-11-13,9.1,0,.6,85.9,11.1,4.3,9.2
156,堡林,2021-11-14,10.3,,.5,83.5,10.63,2.9,9.1
156,堡林,2021-11-15,10.8,,.5,82.9,12.34,2.9,9.6
156,堡林,2021-11-16,10.6,,.6,69.8,12.26,3.1,9.5
156,堡林,2021-11-17,9.5,,.6,72.3,13.58,3.1,8.7
156,堡林,2021-11-18,10.5,,.6,79.1,12.86,2.1,9.7
156,堡林,2021-11-19,11.5,,.4,87.1,12.1,2.3,10.1
156,堡林,2021-11-20,10.9,,.4,91.8,10.44,4.9,10.7
156,堡林,2021-11-21,12.3,,.5,91.4,5.23,8.5,11
156,堡林,2021-11-22,7.3,1.9,1.5,73.6,6.92,7.9,8.7
156,堡林,2021-11-23,4,8.5,1,97,4.52,9.6,6.6
156,堡林,2021-11-24,8.3,,1.3,76.4,9.21,5,8.6
156,堡林,2021-11-25,9.8,,.7,73.3,10.51,2.8,8.2
156,堡林,2021-11-26,7.6,,1.1,60.1,13.54,0,6.1
156,堡林,2021-11-27,7,,.9,60,13.67,0,5.6
156,堡林,2021-11-28,7.7,,.5,60.8,13.06,3.3,5.6
156,堡林,2021-11-29,8.9,,.6,69.6,12.51,2.4,6.3
156,堡林,2021-11-30,8.7,23.2,1.6,86.5,1.73,9.1,8
156,堡林,2021-12-01,2.4,1.5,1.7,81.1,4.57,9.6,4.6
156,堡林,2021-12-02,4.2,0,1.2,67.9,10.64,8,5.3
156,堡林,2021-12-03,5.9,.5,1.3,76.5,6.6,6.9,6.4
156,堡林,2021-12-04,4.7,,1.1,67.4,6.47,4,4.7
156,堡林,2021-12-05,5.4,,.6,72.1,12.22,.8,4.4
156,堡林,2021-12-06,8.3,,.6,77.8,12.14,4.1,6.7
156,堡林,2021-12-07,8,,.8,75.1,11.56,0,5.6
156,堡林,2021-12-08,8.1,,.6,71.8,12.13,.3,5.3
156,堡林,2021-12-09,8.3,,.9,77.4,8.08,6.1,6
156,堡林,2021-12-10,9.9,0,.7,86.6,7.8,5.3,8.6
156,堡林,2021-12-11,8.6,,.7,81.8,10.37,5.5,7.4
156,堡林,2021-12-12,6.3,,1.7,69.8,6.12,4,6.1
156,堡林,2021-12-13,1,,2,50.9,12.83,.1,2.9
156,堡林,2021-12-14,3.5,,.9,66,9.93,5,3.2
156,堡林,2021-12-15,7.5,,.7,82.3,8.58,4.9,5.9
156,堡林,2021-12-16,7.8,.5,.5,92,5.67,8.3,7.3
156,堡林,2021-12-17,.2,3.5,2.1,79,4.92,7.6,3
156,堡林,2021-12-18,-2.3,0,1.8,68.5,10.5,4.1,2.2
156,堡林,2021-12-19,3.3,.1,1,74.3,10.55,3.9,3.7
156,堡林,2021-12-20,6.1,,1.1,74.8,9.46,2.1,4.5
156,堡林,2021-12-21,7,,.7,82.9,9.63,1.1,4.8
156,堡林,2021-12-22,5.8,,.6,58,12.23,0,3.7
156,堡林,2021-12-23,5.4,,.7,53.4,11.48,.9,3.2
156,堡林,2021-12-24,3.7,,1.2,68.8,7.21,6,3.4
156,堡林,2021-12-25,-3.8,0,3.1,63.5,7.03,7.3,1.4
156,堡林,2021-12-26,-5.2,,2.6,53.6,12.71,1.5,-1.2
156,堡林,2021-12-27,-2.1,,1.6,65.9,11.35,3.4,-.8
156,堡林,2021-12-28,3.3,,.6,69.3,7.49,6.8,2.3
156,堡林,2021-12-29,4.5,,1.3,70.4,7.77,8.3,3.1
156,堡林,2021-12-30,1.9,1,2,67.1,9.89,6.1,3.4
156,堡林,2021-12-31,-1.9,0,2.1,62.5,10.95,2.9,1.5
156,堡林,2022-01-01,-.1,,1.4,39.4,11.91,5.4,.4
156,堡林,2022-01-02,.7,,.7,67.1,7.43,2.6,1.2
156,堡林,2022-01-03,.4,,.8,70,13.18,.3,.3
156,堡林,2022-01-04,2,,1.1,54.8,12.34,4.3,2
156,堡林,2022-01-05,2.2,,1,37.1,4.53,9.3,1.8
156,堡林,2022-01-06,2.4,,1.2,44.4,12.98,.6,2.4
156,堡林,2022-01-07,.9,,.7,56.3,13.38,0,.7
156,堡林,2022-01-08,1.7,,.6,62,12.69,2.5,.5
156,堡林,2022-01-09,3.3,,.7,74.3,9.5,5.8,2.9
156,堡林,2022-01-10,2.8,,.7,71.3,11.41,5.4,2.5
156,堡林,2022-01-11,-1.6,.2,2,82.4,8.22,9.8,1.8
156,堡林,2022-01-12,-2.5,0,2,64.4,9.76,6.5,-.3
156,堡林,2022-01-13,-2.5,0,1.7,72,6.38,8.9,-.5
156,堡林,2022-01-14,-.9,,1.6,49.3,13.72,3.4,.7
156,堡林,2022-01-15,2.2,,.6,54.5,9.81,5,1.4
156,堡林,2022-01-16,1.9,0,1.5,66.6,11.28,6.4,3.3
156,堡林,2022-01-17,.4,0,1.8,63,9.38,5.5,1.7
156,堡林,2022-01-18,-1.3,,2.3,40.8,14.44,0,.6
156,堡林,2022-01-19,-.1,0,1.2,59.9,12.41,4.4,.6
156,堡林,2022-01-20,-1.4,,1.8,52.5,13.98,.1,1
156,堡林,2022-01-21,1.7,,.6,59.6,12.95,3.9,.9
156,堡林,2022-01-22,7.1,0,.6,57,7.8,8.6,5.5
156,堡林,2022-01-23,7.1,,.7,62.8,6.41,7.8,6.1
156,堡林,2022-01-24,6,,.8,65.6,7.65,7.3,4.4
156,堡林,2022-01-25,5.7,0,.8,71.5,3.78,8.5,5.6
156,堡林,2022-01-26,4.1,,1.4,60.6,11.75,5,4
156,堡林,2022-01-27,2.4,,1.3,51.6,13.48,4.5,3.9
156,堡林,2022-01-28,1,,1.6,51.8,14.65,4.3,3
156,堡林,2022-01-29,.6,,1.7,47.8,,6.9,3.4
156,堡林,2022-01-30,.7,,1.6,45.9,15.01,4,3.1
156,堡林,2022-01-31,1.4,.1,1,56.3,15.3,1.3,2.2
156,堡林,2022-02-01,1.8,.6,1.2,70.9,7.73,6.6,1.9
156,堡林,2022-02-02,1.4,,1.4,55.5,13.94,4.8,3.5
156,堡林,2022-02-03,.5,,1.6,45.9,15.92,4.1,2.8
156,堡林,2022-02-04,-.6,.2,1.5,59.3,12.97,6.6,2.1
156,堡林,2022-02-05,-2.1,.3,1.4,78.8,11.52,8,3.1
156,堡林,2022-02-06,-1.4,.2,1.1,77.9,9.68,4.5,1.8
156,堡林,2022-02-07,-.1,,1.7,48,6.52,8.4,1
156,堡林,2022-02-08,1.8,,2,48.3,15.46,2.6,3.1
156,堡林,2022-02-09,3.3,,.8,53.5,12.26,5.6,3.3
156,堡林,2022-02-10,4.2,,1.3,45.3,16.23,2.1,4.8
156,堡林,2022-02-11,4.8,,1.3,45,16.2,2.8,4.5
156,堡林,2022-02-12,6.9,,1,43,16.31,3.5,6
156,堡林,2022-02-13,7.8,,1,45.6,11.67,7.5,6.8
156,堡林,2022-02-14,5.6,0,1.1,59.4,14.13,2.9,5.9
156,堡林,2022-02-15,-.5,0,1.8,65.4,9.31,7.8,3
156,堡林,2022-02-16,-3.1,1.1,1.2,83,9.63,7.4,1.9
156,堡林,2022-02-17,-3.9,0,2.1,56.5,18.93,2.8,2.1
156,堡林,2022-02-18,1.4,,1.2,50,17.03,6,4.5
156,堡林,2022-02-19,2.2,0,1.5,56.1,8.18,9.3,4.8
156,堡林,2022-02-20,-2.1,.3,2.2,60.5,15.96,4,1
156,堡林,2022-02-21,1,0,1.1,60.1,15.28,4.1,3.4
156,堡林,2022-02-22,.2,0,1.7,50.5,17.34,5.1,3.3
156,堡林,2022-02-23,-2,0,2.3,43.8,17.24,4.3,3.1
156,堡林,2022-02-24,0,,1.4,50.5,14.92,2.1,.6
156,堡林,2022-02-25,3.3,,.8,64.4,17.92,.3,5.7
156,堡林,2022-02-26,6,0,2.3,71.4,17.29,4.8,8.1
156,堡林,2022-02-27,6,,1.2,40.6,20.27,0,6.8
156,堡林,2022-02-28,7.6,,1.5,46.4,15.95,4,7.1
156,堡林,2022-03-01,7.1,2.9,1,85.3,10.26,7.3,8.9
156,堡林,2022-03-02,4.1,,1.1,55,20.29,.8,5.7
156,堡林,2022-03-03,6.7,,1.1,67,18.71,0,8.3
156,堡林,2022-03-04,10.5,,2.4,67.5,16.42,4.9,12.3
156,堡林,2022-03-05,5.2,,2.2,50.4,17.12,.1,10.3
156,堡林,2022-03-06,3.3,,1.5,40.1,0,2.6,8.5
156,堡林,2022-03-07,4.8,,1.2,43.6,17.42,4.9,8.1
156,堡林,2022-03-08,7.2,,.7,52.4,20.64,1.5,10.3
156,堡林,2022-03-09,9.5,,.7,53.4,21.15,0,12.1
156,堡林,2022-03-10,11.3,,.9,50.3,17.37,4.8,14.7
156,堡林,2022-03-11,14.6,,1.4,70.6,11.02,6.6,15.1
156,堡林,2022-03-12,17.1,,2.3,75.9,15.4,7.3,18.7
156,堡林,2022-03-13,15.2,16.4,2.1,95.1,2.18,9.4,14.7
156,堡林,2022-03-14,11.9,1,1.6,97.5,4.5,8.8,12.6
156,堡林,2022-03-15,10.3,,1.5,72.3,21.46,3.1,13.2
156,堡林,2022-03-16,13.3,,.7,59,21.25,3.1,14.5
156,堡林,2022-03-17,11.3,5.6,1.6,80.1,3.93,10,11.4
156,堡林,2022-03-18,8.5,4.6,2,96.6,5.11,9.6,10.4
156,堡林,2022-03-19,5.3,10,1.8,88.5,4.17,9.4,6.9
156,堡林,2022-03-20,5.2,,.7,82.1,8.83,8.1,7.1
156,堡林,2022-03-21,7.4,,1.2,51.1,16.04,7.9,8.1
156,堡林,2022-03-22,8.2,,1.8,47.4,20.5,7.4,10.3
156,堡林,2022-03-23,7.4,0,.8,62.6,13.34,5.8,9.4
156,堡林,2022-03-24,9.8,,.9,60.4,21.72,1,12.7
156,堡林,2022-03-25,14.6,27.5,2.4,76.8,10.62,8.5,13.7
156,堡林,2022-03-26,10.5,37.2,2.5,96.9,3.55,9.6,12
156,堡林,2022-03-27,8.9,,1.3,61.9,21.2,5.4,11.5
156,堡林,2022-03-28,9.4,,1.4,41.5,20.53,3.3,11.7
156,堡林,2022-03-29,11.9,,1,55.5,24.71,0,13.5
156,堡林,2022-03-30,14.9,,1,77,13.86,7.1,15.7
156,堡林,2022-03-31,10.8,,1.1,84.9,10.9,8.6,13.3
156,堡林,2022-04-01,10,,.9,65.8,19.12,4.3,11.4
156,堡林,2022-04-02,8.4,,1.1,53.6,26.1,0,13.7
156,堡林,2022-04-03,9.7,,1.1,47.6,25.57,.8,14.2
156,堡林,2022-04-04,11.1,,1,44.9,26.06,.5,15.7
156,堡林,2022-04-05,11,,1.3,39.9,20.45,5.6,14.5
156,堡林,2022-04-06,12.5,,1.1,56.5,24.12,0,17.6
156,堡林,2022-04-07,12.2,1.2,1.1,60.6,22.65,2.8,16.8
156,堡林,2022-04-08,14.8,,1.2,40.3,26.23,.4,20.6
156,堡林,2022-04-09,17.8,,2.2,38.4,25,1,23.2
156,堡林,2022-04-10,18.7,,1.8,52.1,23.91,4.9,24.6
156,堡林,2022-04-11,20.5,,2.1,77.4,21.81,3.1,26.1
156,堡林,2022-04-12,21.1,,1.8,79.5,23.97,5,25.6
156,堡林,2022-04-13,17.9,2.4,1.5,94,7.47,9.4,20.7
156,堡林,2022-04-14,15.4,.1,2.1,78.3,15.46,9,20.2
156,堡林,2022-04-15,14.4,,1.9,57.6,26.98,3.8,21.5
156,堡林,2022-04-16,13.3,,1.1,45.5,27.03,2.1,20
156,堡林,2022-04-17,13.8,,1.1,38.5,27.92,3.1,20.3
156,堡林,2022-04-18,16.4,,1.3,30.9,21.97,7.6,20.1
156,堡林,2022-04-19,16.3,,1,30.9,27.48,1.6,22.3
156,堡林,2022-04-20,16.3,,1.3,40.6,27.85,.5,22.6
156,堡林,2022-04-21,15.4,,.9,53.4,12.44,4.9,20.1
156,堡林,2022-04-22,17.6,,2.4,74.4,25.96,3.4,24.7
156,堡林,2022-04-23,19.5,,1.6,75,19.26,7.9,25.6
156,堡林,2022-04-24,20.7,,.9,75.8,26.62,2.1,28.3
156,堡林,2022-04-25,19.7,24.4,1.3,80.4,15.82,9.1,22.5
156,堡林,2022-04-26,17.8,5.8,1.5,99,4.17,7.8,18.8
156,堡林,2022-04-27,16.9,,1.6,54.3,25.1,5.1,20.1
156,堡林,2022-04-28,16.8,,1.1,65.9,21.54,6.1,19.5
156,堡林,2022-04-29,14.2,15.5,1.4,84.8,16.07,9.3,18.8
156,堡林,2022-04-30,13.4,,1.2,74.3,13.17,8.4,16.4
156,堡林,2022-05-01,13.6,,1.2,54.5,29.33,2.3,18.2
156,堡林,2022-05-02,13.9,,1.2,52.8,27.77,2.6,19.4
156,堡林,2022-05-03,14.4,,1,50.4,29.51,0,20.4
156,堡林,2022-05-04,17,,1,55.4,28.87,0,22.7
156,堡林,2022-05-05,19,,1.2,62.6,29.73,0,25.1
156,堡林,2022-05-06,20.7,,.8,64.6,28.53,.9,26.8
156,堡林,2022-05-07,18.2,,1.2,66.1,25.29,2.3,25.7
156,堡林,2022-05-08,17.4,,1.1,56.8,25.56,6.5,25.2
156,堡林,2022-05-09,17.3,,.9,72.5,13.1,7.8,22.3
156,堡林,2022-05-10,18.4,0,1.7,57.1,22.45,8.6,25
156,堡林,2022-05-11,20.8,,.7,58.6,20.43,8.3,26.9
156,堡林,2022-05-12,21.1,,.9,63.9,14.51,8.9,26.1
156,堡林,2022-05-13,17.9,,1.1,68.9,7.13,8.1,20.8
156,堡林,2022-05-14,16.4,,1.6,41.5,28.25,4.4,24.7
156,堡林,2022-05-15,16,,1.7,38.9,29.78,5.4,25.7
156,堡林,2022-05-16,17.4,,1.5,40.9,29.77,1.4,26.3
156,堡林,2022-05-17,19.9,,1.8,51.5,28.28,.8,27.8
156,堡林,2022-05-18,21.6,,2.2,43.6,27.98,.9,28.4
156,堡林,2022-05-19,20.7,,1.4,41.3,18.85,7.8,24.8
156,堡林,2022-05-20,20.2,,.8,60.1,18,8.3,26.1
156,堡林,2022-05-21,20.7,,.9,69.6,29.2,.3,29.3
156,堡林,2022-05-22,21.8,,1.5,70.5,28.17,.5,30.6
156,堡林,2022-05-23,22.6,,1,61,25.15,4,30.1
156,堡林,2022-05-24,22.9,,1,52.8,28.78,0,30.8
156,堡林,2022-05-25,22.3,,1,62.3,26.47,4,32.7
156,堡林,2022-05-26,20.5,.4,1.4,58.3,30,3.5,31.2
156,堡林,2022-05-27,20.8,,1.9,66,30.14,0,31.4
156,堡林,2022-05-28,22.3,,1.8,61.1,23.31,6,29
156,堡林,2022-05-29,22,0,1.9,67.4,28.96,5.5,33.5
156,堡林,2022-05-30,19.8,0,1.1,92,6.58,9,22.2
156,堡林,2022-05-31,22.1,,1.1,47.9,30.61,1.6,32.8
156,堡林,2022-06-01,23.6,,1.3,45.3,29.83,4.1,35.1
156,堡林,2022-06-02,22.7,,1.2,75,29.27,1.8,34.1
156,堡林,2022-06-03,24.8,,1.3,64.4,28.19,1.5,34.9
156,堡林,2022-06-04,24.7,0,1.6,49.6,24.63,7.1,31.4
156,堡林,2022-06-05,18.3,22.2,1.9,94,4.77,9.9,20.3
156,堡林,2022-06-06,20.2,,.9,86.8,17.01,7,23.8
156,堡林,2022-06-07,19.1,7.1,2,87.9,16.61,8.6,23.2
156,堡林,2022-06-08,19.5,3.2,1,85.3,13.13,7.6,22.4
156,堡林,2022-06-09,21.6,,1.1,77,26.03,4.4,27
156,堡林,2022-06-10,22.4,,1.1,72.3,20.67,5.5,25.9
156,堡林,2022-06-11,23,,1.4,77.6,25.65,4.3,27.8
156,堡林,2022-06-12,22.6,.1,.8,85.6,16.49,5.8,26.7
156,堡林,2022-06-13,22,0,1.1,71,12.59,9.4,25.3
156,堡林,2022-06-14,18.8,1.1,2.2,91.6,10.6,8.4,21.7
156,堡林,2022-06-15,21.3,2.1,2.4,88.5,17.25,6.5,25.2
156,堡林,2022-06-16,23.3,0,1.7,72.6,23.57,4.8,29.9
156,堡林,2022-06-17,23.8,3.3,1.6,86.6,17.86,6.8,29
156,堡林,2022-06-18,24.9,1.3,2.1,82.6,25.93,5,34.6
156,堡林,2022-06-19,25.7,,.9,85.1,21.35,6.5,32.7
156,堡林,2022-06-20,26.3,24.3,1.3,85,27.24,6,36
156,堡林,2022-06-21,26.7,,1.3,85.5,23.26,6.5,29.9
156,堡林,2022-06-22,27,,1.5,80,28.66,3,33
156,堡林,2022-06-23,25.5,28.7,2.9,96,9.89,8.9,27.6
156,堡林,2022-06-24,24.6,27.2,3.4,95.1,13.61,7.8,27.3
156,堡林,2022-06-25,26.5,,2.9,91.3,19.45,5.9,29
156,堡林,2022-06-26,27.3,,3.3,91.4,15.73,7.4,29.8
156,堡林,2022-06-27,27.3,.9,3.8,92.6,10.5,8.3,28.7
156,堡林,2022-06-28,27.7,,4.2,87,12.84,8.8,28.3
156,堡林,2022-06-29,26.5,8.5,3.4,98.1,12.99,9.9,28.1
156,堡林,2022-06-30,27.1,1.7,2.6,93.4,15.13,7.3,28.8
156,堡林,2022-07-01,28.2,,2,76.5,26.18,2,30.2
156,堡林,2022-07-02,28.5,,.8,76.6,25.54,3.6,30.5
156,堡林,2022-07-03,28.9,0,1.2,74.5,19.43,5.8,32.2
156,堡林,2022-07-04,27.2,2.1,.9,91,15.14,7.9,29.7
156,堡林,2022-07-05,27.4,7.3,.8,93.1,16.95,8.1,29.9
156,堡林,2022-07-06,29.1,,1.9,84,23.23,7.1,30.3
156,堡林,2022-07-07,28.8,4.9,2.7,88.1,18.66,6.5,30.5
156,堡林,2022-07-08,26.6,4.8,1.3,96.5,9.62,6.6,28.3
156,堡林,2022-07-09,27,,1,88.1,18.49,6.3,28.9
156,堡林,2022-07-10,28.2,0,1.5,85.5,21.65,6.3,30
156,堡林,2022-07-11,27.1,14.3,.9,92.5,14.03,7.9,28.3
156,堡林,2022-07-12,27.4,,2,91,19.42,8.3,30.9
156,堡林,2022-07-13,26,,2.4,92.6,10.49,9.3,28.7
156,堡林,2022-07-14,27.3,13,1.5,88.9,23.22,7.1,31.1
156,堡林,2022-07-15,27,,.9,79.6,24.61,4.4,29.2
156,堡林,2022-07-16,26.5,,1.2,80.4,26.67,6.4,33.9
156,堡林,2022-07-17,26.4,0,1.3,93.6,12.26,9.4,30.7
156,堡林,2022-07-18,23.7,54.1,1.7,99,3.79,8.9,25.6
156,堡林,2022-07-19,26.2,.7,1.1,88,24.28,7.1,30
156,堡林,2022-07-20,27.2,.8,1,81.6,24.49,6.9,31
156,堡林,2022-07-21,24.6,3.8,2.6,96,9.01,8.4,26
156,堡林,2022-07-22,25.1,,.8,88.1,14.77,4.6,26.9
156,堡林,2022-07-23,25.1,22.6,1.6,90.6,13.31,8.8,27.7
156,堡林,2022-07-24,23.9,14.2,2.1,99,5.4,9,25.4
156,堡林,2022-07-25,26.7,,.7,88.6,18.99,5.4,29.8
156,堡林,2022-07-26,27.3,,1.3,86.6,17.56,5.5,30.2
156,堡林,2022-07-27,27.3,,1.6,80,25.54,5.3,31.9
156,堡林,2022-07-28,28.5,,1.5,79.3,27.23,2.5,34.5
156,堡林,2022-07-29,30.3,,1.4,76.1,23.25,2.5,36
156,堡林,2022-07-30,28.5,0,1.8,84.1,11.24,7.1,29.7
156,堡林,2022-07-31,26.4,26.4,2.1,97.8,7.62,9.6,28.1
156,堡林,2022-08-01,27.6,1.5,2.8,98.4,10,7.5,28.6
156,堡林,2022-08-02,28,1.7,2.3,95.3,15.1,7.3,29.8
156,堡林,2022-08-03,27.9,11.4,1.3,97.3,16.36,7.4,30.8
156,堡林,2022-08-04,29,,1.5,90.6,21.88,5.3,31.8
156,堡林,2022-08-05,29,0,2,93.3,15.4,6.4,32.2
156,堡林,2022-08-06,29.9,,1.8,91.4,19.79,6.9,35.6
156,堡林,2022-08-07,29.9,,2.4,89,22.59,5.9,35.9
156,堡林,2022-08-08,28.8,,3.5,90.9,16.7,7.9,33.3
156,堡林,2022-08-09,28.7,,3.6,91.1,16.85,8.5,33.1
156,堡林,2022-08-10,28.3,0,3,93.5,11.8,9,31.6
156,堡林,2022-08-11,26.3,9.1,1.9,99,3.46,9.6,27.5
156,堡林,2022-08-12,27.9,.5,1,91.1,17.12,8.1,30.1
156,堡林,2022-08-13,27.9,.1,1.7,95.6,13.48,7.4,29.5
156,堡林,2022-08-14,29.4,,3.1,89.1,21.5,7.3,34.9
156,堡林,2022-08-15,29.4,,4.7,89.6,20.37,8.4,36.1
156,堡林,2022-08-16,26.5,17,1.9,98.9,5.98,9.8,28.6
156,堡林,2022-08-17,26,.1,.6,94,1.25,6.6,27.4
156,堡林,2022-08-18,26.1,,.9,83,,4,29.6
156,堡林,2022-08-19,27.4,,2.1,92.9,16.29,7.9,30.9
156,堡林,2022-08-20,26.6,32.2,1.3,98.4,6.61,6.5,27.2
156,堡林,2022-08-21,27.4,,.7,90.4,18.1,7.5,30.2
156,堡林,2022-08-22,28,,1.1,81,24.87,7.1,33.6
156,堡林,2022-08-23,26.5,24.7,.9,97.5,6.33,9.9,29
156,堡林,2022-08-24,25.7,2.4,.8,89.3,15.35,7.4,29.7
156,堡林,2022-08-25,24.9,,1,77.8,21.67,6.1,31.2
156,堡林,2022-08-26,24.5,,1.2,71.3,26.29,3.9,32.2
156,堡林,2022-08-27,22.8,,1,75.5,18.73,4.3,26.8
156,堡林,2022-08-28,22.9,,1.5,67,22.23,5.8,29.2
156,堡林,2022-08-29,21.7,0,1.3,88.4,7.12,7.5,23.9
156,堡林,2022-08-30,24.8,1.3,1.2,96.5,7.92,9.1,26.7
156,堡林,2022-08-31,23,4.4,1,92.9,13.16,8.8,25.5
156,堡林,2022-09-01,22.6,,1.3,94.1,9.52,8.3,23.4
156,堡林,2022-09-02,23.1,,2.5,88.3,12.6,8.6,24.8
156,堡林,2022-09-03,24.9,0,2.6,86.8,13.49,8.4,28.4
156,堡林,2022-09-04,26.5,3.5,1.6,89.4,15.8,9.3,30.4
156,堡林,2022-09-05,24,50.7,2.6,99,2.82,10,25.1
156,堡林,2022-09-06,21.5,32.8,2.4,89.8,13.83,5.3,22.6
156,堡林,2022-09-07,22.2,,.9,77.6,24.72,2.8,24.9
156,堡林,2022-09-08,23,,1,73.9,19.95,4.6,26.8
156,堡林,2022-09-09,24.1,,1,74.8,10.58,5.8,29.4
156,堡林,2022-09-10,22.6,,1.4,85,14.03,8,26.9
156,堡林,2022-09-11,24.1,,1.1,81.8,18.74,6.4,29.8
156,堡林,2022-09-12,23.1,2,1,98.9,6.65,10,25.4
156,堡林,2022-09-13,24.3,.2,1.2,90,7.66,10,25.1
156,堡林,2022-09-14,25.3,,3,68.4,18.01,5.9,26.9
156,堡林,2022-09-15,26.5,,2.6,72.5,21.2,4.8,32
156,堡林,2022-09-16,26.8,0,1.9,82.5,17.34,6,30.8
156,堡林,2022-09-17,27.9,0,1,75.8,21.17,7.4,34.6
156,堡林,2022-09-18,28.7,,2.9,71,18.39,8.3,33.9
156,堡林,2022-09-19,25.4,,2.8,66.3,20.84,5.3,32.9
156,堡林,2022-09-20,20.8,,1.2,62.5,15.92,4.4,26.9
156,堡林,2022-09-21,20.1,,1.1,61.5,18.56,3.6,26.9
156,堡林,2022-09-22,20.3,,1.3,60.6,21.06,5,27.6
156,堡林,2022-09-23,19.5,,1.2,69.1,19.28,5.4,26.1
156,堡林,2022-09-24,19.1,,1.9,59.3,22.1,5.8,26.2
156,堡林,2022-09-25,20,,.8,64.3,13.74,8.9,25.3
156,堡林,2022-09-26,19.8,0,.6,71.8,9.6,9,23
156,堡林,2022-09-27,21.7,,.7,68.5,21.59,1.8,27.6
156,堡林,2022-09-28,21.1,,.4,76.8,11.42,7.5,24.2
156,堡林,2022-09-29,20.9,,.5,67.5,21.74,0,26.3
156,堡林,2022-09-30,21.7,,.4,66.9,20.81,.4,26.4
156,堡林,2022-10-01,22.9,,.6,64.1,19.66,2.9,27.4
156,堡林,2022-10-02,23.6,,1.8,67.6,18.92,7.3,27.5
156,堡林,2022-10-03,26.1,,2.5,79.6,8.6,9.6,29.8
156,堡林,2022-10-04,19.5,33.4,2,86.1,6.35,9.6,21.4
156,堡林,2022-10-05,16.9,,1,63.5,19.48,6.9,20.9
156,堡林,2022-10-06,17.1,,.8,69.1,14.76,8.5,19.4
156,堡林,2022-10-07,16.3,0,1.5,61.3,16.92,6.1,20.3
156,堡林,2022-10-08,16.7,,1.2,63.8,12.31,6.4,18.7
156,堡林,2022-10-09,14.5,2.3,1.2,88.9,5.14,10,17.5
156,堡林,2022-10-10,12.8,2.2,1.6,74.4,12.61,7.1,15.8
156,堡林,2022-10-11,13.9,0,1.4,66.5,19.2,1.8,17.5
156,堡林,2022-10-12,14.7,,1,66.6,0,0,17.6
156,堡林,2022-10-13,17.1,,1.2,67.5,15.63,.9,19
156,堡林,2022-10-14,17.5,,.5,73.6,17.69,3.8,20.7
156,堡林,2022-10-15,18.5,,.6,76.9,17.51,1.9,21.2
156,堡林,2022-10-16,18.1,,.6,73.8,16.13,3.5,21
156,堡林,2022-10-17,14.4,,1.8,47.1,18.33,3.4,18.9
156,堡林,2022-10-18,11.1,,2.1,42.6,18.73,0,15.4
156,堡林,2022-10-19,11.3,,1.2,56.8,18.14,0,14.8
156,堡林,2022-10-20,13.9,,.8,50.6,18.1,1.8,16.2
156,堡林,2022-10-21,14.8,0,.5,71.9,10.13,8.9,16.7
156,堡林,2022-10-22,17.3,.4,.8,69.8,16.56,3.1,20.3
156,堡林,2022-10-23,14.7,,1.2,62.8,16.25,1.8,17.9
156,堡林,2022-10-24,11.6,,1.5,46.5,17.39,.5,14.5
156,堡林,2022-10-25,11.6,,1,46.3,16.83,0,13.6
156,堡林,2022-10-26,13.6,,.8,49,13.85,6.4,14
156,堡林,2022-10-27,15.1,,1.1,56,15.97,2.1,16.8
156,堡林,2022-10-28,14.7,,.6,71.5,15.32,0,16.2
156,堡林,2022-10-29,15.1,,.6,66,12.59,3.4,16.6
156,堡林,2022-10-30,15.9,,.9,65,15.41,2.5,17.2
156,堡林,2022-10-31,15.4,,.9,65.9,15.06,2.4,17.4
156,堡林,2022-11-01,14.5,,.9,74.8,14.38,0,16.1
156,堡林,2022-11-02,13,,.9,65,15.25,0,14.1
156,堡林,2022-11-03,12.2,,.7,56.9,13.99,2.5,12.4
156,堡林,2022-11-04,8.9,,1.9,43.9,15.39,3,11.1
156,堡林,2022-11-05,9.1,,1.7,43.6,15.6,.5,9.3
156,堡林,2022-11-06,9.7,,.5,62.1,14.28,1.5,10.1
156,堡林,2022-11-07,11.4,,.5,60.5,13.3,.6,11.2
156,堡林,2022-11-08,12.1,,.5,65.4,13.75,1,11.7
156,堡林,2022-11-09,12.4,,.4,59.6,13.27,2.9,11.4
156,堡林,2022-11-10,15,0,.5,50.6,12.83,2.6,14
156,堡林,2022-11-11,16.7,,.7,56.4,12.72,2,16.3
156,堡林,2022-11-12,18.5,21.1,1.7,79.6,9.77,7.1,18.1
156,堡林,2022-11-13,11.6,10.5,1.6,79.1,3.95,9.3,14
156,堡林,2022-11-14,10.7,,.8,70,9.47,6.6,11.3
156,堡林,2022-11-15,9.5,,1,64.4,12.78,.3,9.8
156,堡林,2022-11-16,10.8,0,.8,62.4,12.89,3.8,10.9
156,堡林,2022-11-17,11.3,,.8,50.8,13.53,3,11
156,堡林,2022-11-18,11.8,,.5,50.9,14.13,0,10.6
156,堡林,2022-11-19,13.5,0,.9,50.1,12.62,3.3,13.4
156,堡林,2022-11-20,13.6,.4,.5,77.9,6.13,5.9,12.9
156,堡林,2022-11-21,12.6,,.3,74.9,8.58,5.5,11.5
156,堡林,2022-11-22,12.5,1.9,1.1,78,3.76,10,12.1
156,堡林,2022-11-23,11.9,.8,.8,70.8,11.27,4.5,11.4
156,堡林,2022-11-24,11,,.8,60.9,11.17,4.3,9.8
156,堡林,2022-11-25,11.6,,.5,62.6,11.54,4.5,9.9
156,堡林,2022-11-26,11.1,,1.2,52.4,12.2,1.8,9.9
156,堡林,2022-11-27,9.7,,.8,39.6,11.45,4.3,7.9
156,堡林,2022-11-28,15.6,4.8,1.1,87.4,3.63,7.5,13
156,堡林,2022-11-29,11.3,7.2,2.3,69.3,3.71,9.8,12.3
156,堡林,2022-11-30,.5,,3.6,49.3,9.41,8.8,4.4
156,堡林,2022-12-01,.2,,2.3,41.8,11.31,6.4,2.3
156,堡林,2022-12-02,2.2,,1.4,43.6,13.07,3.1,2.7
156,堡林,2022-12-03,5.6,,.7,60.9,6.4,8.3,6
156,堡林,2022-12-04,2.4,,2.7,36.1,8.78,6.9,4.7
156,堡林,2022-12-05,.7,,2.6,30,10.14,4.4,2.2
156,堡林,2022-12-06,3.3,0,.9,44.4,10.55,4.4,2.6
156,堡林,2022-12-07,5.5,,.8,53.8,11.77,1.4,3.3
156,堡林,2022-12-08,6.5,,.6,55.1,11.37,5.1,4.7
156,堡林,2022-12-09,7.4,,.7,62.4,6.98,4.9,5.8
156,堡林,2022-12-10,5.1,0,1.1,66.3,4.73,6.3,3.6
156,堡林,2022-12-11,5.1,,1.4,50.1,11.91,2,5
156,堡林,2022-12-12,3.8,0,.7,66,5.82,7.4,2.8
156,堡林,2022-12-13,5.1,.5,2,57.9,6.66,7,4
156,堡林,2022-12-14,-2.3,1.7,2,63.9,12.13,3,2.3
156,堡林,2022-12-15,1.3,.1,1.1,61.3,10.98,6.3,2.5
156,堡林,2022-12-16,.4,0,1.9,39.9,8.64,8.1,2.3
156,堡林,2022-12-17,-2.2,2.9,1.9,57.6,5.56,6.3,-.3
156,堡林,2022-12-18,-5,4.6,1.2,72.8,6.08,5.6,.5
156,堡林,2022-12-19,-2.9,.1,.9,74.6,9.43,3.8,.5
156,堡林,2022-12-20,.8,,.6,74.4,12.47,3,.1
156,堡林,2022-12-21,2.6,4.2,.5,90.4,3.28,8.1,2.7
156,堡林,2022-12-22,-1.5,2.5,1.6,78.4,2.94,8.3,.4
156,堡林,2022-12-23,-4.1,13.9,1.3,88.4,1.32,8,.4
156,堡林,2022-12-24,-5,.1,1.2,75.8,7.5,3.4,.4
156,堡林,2022-12-25,-2.7,,1,76.9,9.7,4.1,.4
156,堡林,2022-12-26,-.6,,.8,78.8,10.04,2.6,.4
156,堡林,2022-12-27,.3,,.9,74.1,13.08,1.8,.7
156,堡林,2022-12-28,-.2,,.9,75.4,9.62,5.3,.6
156,堡林,2022-12-29,.7,,1.1,63.3,12.25,2.1,.3
156,堡林,2022-12-30,1,,.4,70.4,9.25,6.3,.2
156,堡林,2022-12-31,1.4,,.7,66.1,12.02,1.4,.1
